{
    "label": {
        "min": 1.0,
        "max": 5.0,
        "scale": 0.25
    },
    "co": {
        "min": 136.85,
        "max": 3845.21,
        "scale": 0.0002696609822131616
    },
    "no": {
        "min": 0.0,
        "max": 300.41,
        "scale": 0.003328783995206551
    },
    "no2": {
        "min": 0.73,
        "max": 145.32,
        "scale": 0.006916107614634483
    },
    "o3": {
        "min": 0.0,
        "max": 185.97,
        "scale": 0.005377211378179276
    },
    "so2": {
        "min": 0.2,
        "max": 61.04,
        "scale": 0.01643655489809336
    },
    "pm2_5": {
        "min": 0.5,
        "max": 257.54,
        "scale": 0.0038904450669156546
    },
    "pm10": {
        "min": 0.57,
        "max": 266.35,
        "scale": 0.0037625103469034536
    },
    "nh3": {
        "min": 0.0,
        "max": 73.97,
        "scale": 0.0135189941868325
    }
}